timestamp,node_id,current_battery,predicted_6h,predicted_12h,predicted_24h,weather_desc,cloud_cover,solar_efficiency
2025-09-11T21:55:02Z,!2c9e092b,78.00,69.00,67.50,61.50,unknown,50,.50
2025-09-11T21:55:02Z,!2df67288,100.00,91.00,89.50,83.50,unknown,50,.50
2025-09-11T21:55:02Z,!75e98c18,101.00,92.00,90.50,84.50,unknown,50,.50
2025-09-11T21:55:02Z,!849c4818,99.00,90.00,88.50,82.50,unknown,50,.50
2025-09-11T21:55:02Z,!9eed0410,69.00,60.00,58.50,52.50,unknown,50,.50
2025-09-11T21:55:02Z,!a0cc8008,101.00,92.00,90.50,84.50,unknown,50,.50
2025-09-11T21:55:02Z,!ba656304,43.00,34.00,32.50,26.50,unknown,50,.50
2025-09-11T21:55:02Z,!fd17c0ed,98.00,89.00,87.50,81.50,unknown,50,.50
2025-09-11T22:05:21Z,!2c9e092b,77.00,69.00,71.00,67.50,unknown,50,.50
2025-09-11T22:05:21Z,!2df67288,100.00,85.00,87.00,83.50,unknown,50,.50
2025-09-11T22:05:21Z,!75e98c18,101.00,99.00,100,97.50,unknown,50,.50
2025-09-11T22:05:21Z,!849c4818,99.00,90.00,90.00,82.50,unknown,50,.50
2025-09-11T22:05:21Z,!9eed0410,67.00,58.00,58.00,50.50,unknown,50,.50
2025-09-11T22:05:21Z,!a0cc8008,101.00,92.00,92.00,84.50,unknown,50,.50
2025-09-11T22:05:21Z,!ba656304,43.00,34.00,34.00,26.50,unknown,50,.50
2025-09-11T22:05:21Z,!fd17c0ed,98.00,89.00,89.00,81.50,unknown,50,.50
2025-09-11T22:15:16Z,!2c9e092b,77.00,69.00,71.00,67.50,unknown,50,.50
2025-09-11T22:15:16Z,!2df67288,100.00,85.00,87.00,83.50,unknown,50,.50
2025-09-11T22:15:16Z,!75e98c18,101.00,99.00,100,97.50,unknown,50,.50
2025-09-11T22:15:16Z,!849c4818,99.00,90.00,90.00,82.50,unknown,50,.50
2025-09-11T22:15:16Z,!9eed0410,67.00,58.00,58.00,50.50,unknown,50,.50
2025-09-11T22:15:16Z,!a0cc8008,101.00,92.00,92.00,84.50,unknown,50,.50
2025-09-11T22:15:16Z,!ba656304,43.00,34.00,34.00,26.50,unknown,50,.50
2025-09-11T22:15:16Z,!fd17c0ed,98.00,89.00,89.00,81.50,unknown,50,.50
2025-09-11T22:23:55Z,!2c9e092b,78.00,70.00,72.00,68.50,unknown,50,.50
2025-09-11T22:23:55Z,!2df67288,100.00,85.00,87.00,83.50,unknown,50,.50
2025-09-11T22:23:55Z,!75e98c18,100,98.0,100.00,96.50,unknown,50,.50
2025-09-11T22:23:55Z,!849c4818,99.00,90.00,90.00,82.50,unknown,50,.50
2025-09-11T22:23:55Z,!9eed0410,66.00,57.00,57.00,49.50,unknown,50,.50
2025-09-11T22:23:55Z,!a0cc8008,100,91.0,91.00,83.50,unknown,50,.50
2025-09-11T22:23:55Z,!ba656304,44.00,35.00,35.00,27.50,unknown,50,.50
2025-09-11T22:23:55Z,!fd17c0ed,99.00,90.00,90.00,82.50,unknown,50,.50
2025-09-11T22:32:55Z,!2c9e092b,78.00,70.00,72.00,68.50,unknown,50,.50
2025-09-11T22:32:55Z,!2df67288,100.00,85.00,87.00,83.50,unknown,50,.50
2025-09-11T22:32:55Z,!75e98c18,100,98.0,100.00,96.50,unknown,50,.50
2025-09-11T22:32:55Z,!849c4818,99.00,90.00,90.00,82.50,unknown,50,.50
2025-09-11T22:32:55Z,!9eed0410,66.00,57.00,57.00,49.50,unknown,50,.50
2025-09-11T22:32:55Z,!a0cc8008,100,91.0,91.00,83.50,unknown,50,.50
2025-09-11T22:32:55Z,!ba656304,43.00,34.00,34.00,26.50,unknown,50,.50
2025-09-11T22:32:55Z,!fd17c0ed,99.00,90.00,90.00,82.50,unknown,50,.50
2025-09-11T22:41:57Z,!2c9e092b,77.00,69.00,71.00,67.50,unknown,50,.50
2025-09-11T22:41:57Z,!2df67288,100.00,85.00,87.00,83.50,unknown,50,.50
2025-09-11T22:41:57Z,!75e98c18,100,98.0,100.00,96.50,unknown,50,.50
2025-09-11T22:41:57Z,!849c4818,99.00,90.00,90.00,82.50,unknown,50,.50
2025-09-11T22:41:57Z,!9eed0410,65.00,56.00,56.00,48.50,unknown,50,.50
2025-09-11T22:41:57Z,!a0cc8008,100,91.0,91.00,83.50,unknown,50,.50
2025-09-11T22:41:57Z,!ba656304,41.00,32.00,32.00,24.50,unknown,50,.50
2025-09-11T22:41:57Z,!fd17c0ed,98.00,89.00,89.00,81.50,unknown,50,.50
2025-09-11T22:51:24Z,!2c9e092b,77.00,69.00,71.00,67.50,unknown,50,.50
2025-09-11T22:51:24Z,!2df67288,100.00,85.00,87.00,83.50,unknown,50,.50
2025-09-11T22:51:24Z,!75e98c18,100,98.0,100.00,96.50,unknown,50,.50
2025-09-11T22:51:24Z,!849c4818,99.00,90.00,90.00,82.50,unknown,50,.50
2025-09-11T22:51:24Z,!9eed0410,65.00,56.00,56.00,48.50,unknown,50,.50
2025-09-11T22:51:24Z,!a0cc8008,100,91.0,91.00,83.50,unknown,50,.50
2025-09-11T22:51:24Z,!ba656304,41.00,32.00,32.00,24.50,unknown,50,.50
2025-09-11T22:51:24Z,!fd17c0ed,99.00,90.00,90.00,82.50,unknown,50,.50
2025-09-11T23:00:34Z,!2c9e092b,76.00,69.50,71.50,66.50,unknown,50,.50
2025-09-11T23:00:34Z,!2df67288,100.00,86.50,88.50,83.50,unknown,50,.50
2025-09-11T23:00:34Z,!75e98c18,100,99.50,100,96.50,unknown,50,.50
2025-09-11T23:00:34Z,!849c4818,99.00,91.50,91.50,82.50,unknown,50,.50
2025-09-11T23:00:34Z,!9eed0410,64.00,56.50,56.50,47.50,unknown,50,.50
2025-09-11T23:00:34Z,!a0cc8008,100,92.50,92.50,83.50,unknown,50,.50
2025-09-11T23:00:34Z,!ba656304,54.00,46.50,46.50,37.50,unknown,50,.50
2025-09-11T23:00:34Z,!fd17c0ed,98.00,90.50,90.50,81.50,unknown,50,.50
2025-09-11T23:09:38Z,!2c9e092b,75.00,68.50,70.50,65.50,unknown,50,.50
2025-09-11T23:09:38Z,!2df67288,100.00,86.50,88.50,83.50,unknown,50,.50
2025-09-11T23:09:38Z,!75e98c18,100,99.50,100,96.50,unknown,50,.50
2025-09-11T23:09:38Z,!849c4818,99.00,91.50,91.50,82.50,unknown,50,.50
2025-09-11T23:09:38Z,!9eed0410,64.00,56.50,56.50,47.50,unknown,50,.50
2025-09-11T23:09:38Z,!a0cc8008,100,92.50,92.50,83.50,unknown,50,.50
2025-09-11T23:09:38Z,!ba656304,36.00,28.50,28.50,19.50,unknown,50,.50
2025-09-11T23:09:38Z,!fd17c0ed,99.00,91.50,91.50,82.50,unknown,50,.50
2025-09-11T23:19:14Z,!2c9e092b,76.00,69.50,71.50,66.50,unknown,50,.50
2025-09-11T23:19:14Z,!2df67288,100.00,86.50,88.50,83.50,unknown,50,.50
2025-09-11T23:19:14Z,!75e98c18,100,99.50,100,96.50,unknown,50,.50
2025-09-11T23:19:14Z,!849c4818,99.00,91.50,91.50,82.50,unknown,50,.50
2025-09-11T23:19:14Z,!9eed0410,63.00,55.50,55.50,46.50,unknown,50,.50
2025-09-11T23:19:14Z,!a0cc8008,100,92.50,92.50,83.50,unknown,50,.50
2025-09-11T23:19:14Z,!ba656304,36.00,28.50,28.50,19.50,unknown,50,.50
2025-09-11T23:19:14Z,!fd17c0ed,98.00,90.50,90.50,81.50,unknown,50,.50
2025-09-11T23:28:12Z,!2c9e092b,76.00,69.50,71.50,66.50,unknown,50,.50
2025-09-11T23:28:12Z,!2df67288,100.00,86.50,88.50,83.50,unknown,50,.50
2025-09-11T23:28:12Z,!75e98c18,100,99.50,100,96.50,unknown,50,.50
2025-09-11T23:28:12Z,!849c4818,99.00,91.50,91.50,82.50,unknown,50,.50
2025-09-11T23:28:12Z,!9eed0410,63.00,55.50,55.50,46.50,unknown,50,.50
2025-09-11T23:28:12Z,!a0cc8008,100,92.50,92.50,83.50,unknown,50,.50
2025-09-11T23:28:12Z,!ba656304,36.00,28.50,28.50,19.50,unknown,50,.50
2025-09-11T23:28:12Z,!fd17c0ed,98.00,90.50,90.50,81.50,unknown,50,.50
2025-09-11T23:37:42Z,!2c9e092b,76.00,69.50,71.50,66.50,unknown,50,.50
2025-09-11T23:37:42Z,!2df67288,100.00,86.50,88.50,83.50,unknown,50,.50
2025-09-11T23:37:42Z,!75e98c18,100,99.50,100,96.50,unknown,50,.50
2025-09-11T23:37:42Z,!849c4818,99.00,91.50,91.50,82.50,unknown,50,.50
2025-09-11T23:37:42Z,!9eed0410,62.00,54.50,54.50,45.50,unknown,50,.50
2025-09-11T23:37:42Z,!a0cc8008,100,92.50,92.50,83.50,unknown,50,.50
2025-09-11T23:37:42Z,!ba656304,36.00,28.50,28.50,19.50,unknown,50,.50
2025-09-11T23:37:42Z,!fd17c0ed,98.00,90.50,90.50,81.50,unknown,50,.50
2025-09-11T23:47:08Z,!2c9e092b,75.00,68.50,70.50,65.50,unknown,50,.50
2025-09-11T23:47:08Z,!2df67288,100.00,86.50,88.50,83.50,unknown,50,.50
2025-09-11T23:47:08Z,!75e98c18,100,99.50,100,96.50,unknown,50,.50
2025-09-11T23:47:08Z,!849c4818,99.00,91.50,91.50,82.50,unknown,50,.50
2025-09-11T23:47:08Z,!9eed0410,62.00,54.50,54.50,45.50,unknown,50,.50
2025-09-11T23:47:08Z,!a0cc8008,100,92.50,92.50,83.50,unknown,50,.50
2025-09-11T23:47:08Z,!fd17c0ed,99.00,91.50,91.50,82.50,unknown,50,.50
2025-09-11T23:56:30Z,!2c9e092b,75.00,68.50,70.50,65.50,unknown,50,.50
2025-09-11T23:56:30Z,!2df67288,100.00,86.50,88.50,83.50,unknown,50,.50
2025-09-11T23:56:30Z,!75e98c18,100,99.50,100,96.50,unknown,50,.50
2025-09-11T23:56:30Z,!849c4818,99.00,91.50,91.50,82.50,unknown,50,.50
2025-09-11T23:56:30Z,!9eed0410,62.00,54.50,54.50,45.50,unknown,50,.50
2025-09-11T23:56:30Z,!a0cc8008,97.00,89.50,89.50,80.50,unknown,50,.50
2025-09-11T23:56:30Z,!fd17c0ed,98.00,90.50,90.50,81.50,unknown,50,.50
2025-09-12T00:05:51Z,!2c9e092b,75.00,70.00,72.00,65.50,unknown,50,.50
2025-09-12T00:05:51Z,!2df67288,99.00,87.00,89.00,82.50,unknown,50,.50
2025-09-12T00:05:51Z,!75e98c18,100,100,100,96.50,unknown,50,.50
2025-09-12T00:05:51Z,!849c4818,99.00,93.00,93.00,82.50,unknown,50,.50
2025-09-12T00:05:51Z,!9eed0410,61.00,55.00,55.00,44.50,unknown,50,.50
2025-09-12T00:05:51Z,!a0cc8008,100,94.00,94.00,83.50,unknown,50,.50
2025-09-12T00:05:51Z,!fd17c0ed,98.00,92.00,92.00,81.50,unknown,50,.50
2025-09-12T00:15:15Z,!2c9e092b,75.00,70.00,72.00,65.50,unknown,50,.50
2025-09-12T00:15:15Z,!2df67288,99.00,87.00,89.00,82.50,unknown,50,.50
2025-09-12T00:15:15Z,!75e98c18,100,100,100,96.50,unknown,50,.50
2025-09-12T00:15:15Z,!849c4818,99.00,93.00,93.00,82.50,unknown,50,.50
2025-09-12T00:15:15Z,!9eed0410,61.00,55.00,55.00,44.50,unknown,50,.50
2025-09-12T00:15:15Z,!a0cc8008,100,94.00,94.00,83.50,unknown,50,.50
2025-09-12T00:15:15Z,!ba656304,38.00,32.00,32.00,21.50,unknown,50,.50
2025-09-12T00:15:15Z,!fd17c0ed,99.00,93.00,93.00,82.50,unknown,50,.50
2025-09-12T00:24:35Z,!2c9e092b,74.00,69.00,71.00,64.50,unknown,50,.50
2025-09-12T00:24:35Z,!2df67288,99.00,87.00,89.00,82.50,unknown,50,.50
2025-09-12T00:24:35Z,!75e98c18,100,100,100,96.50,unknown,50,.50
2025-09-12T00:24:35Z,!849c4818,99.00,93.00,93.00,82.50,unknown,50,.50
2025-09-12T00:24:35Z,!9eed0410,60.00,54.00,54.00,43.50,unknown,50,.50
2025-09-12T00:24:35Z,!a0cc8008,100,94.00,94.00,83.50,unknown,50,.50
2025-09-12T00:24:35Z,!ba656304,33.00,27.00,27.00,16.50,unknown,50,.50
2025-09-12T00:24:35Z,!fd17c0ed,98.00,92.00,92.00,81.50,unknown,50,.50
2025-09-12T00:34:07Z,!2c9e092b,74.00,69.00,71.00,64.50,unknown,50,.50
2025-09-12T00:34:07Z,!2df67288,98.00,86.00,88.00,81.50,unknown,50,.50
2025-09-12T00:34:07Z,!75e98c18,100,100,100,96.50,unknown,50,.50
2025-09-12T00:34:07Z,!849c4818,99.00,93.00,93.00,82.50,unknown,50,.50
2025-09-12T00:34:07Z,!9eed0410,60.00,54.00,54.00,43.50,unknown,50,.50
2025-09-12T00:34:07Z,!a0cc8008,100,94.00,94.00,83.50,unknown,50,.50
2025-09-12T00:34:07Z,!ba656304,33.00,27.00,27.00,16.50,unknown,50,.50
2025-09-12T00:34:07Z,!fd17c0ed,99.00,93.00,93.00,82.50,unknown,50,.50
2025-09-12T00:43:32Z,!2c9e092b,74.00,69.00,71.00,64.50,unknown,50,.50
2025-09-12T00:43:32Z,!2df67288,98.00,86.00,88.00,81.50,unknown,50,.50
2025-09-12T00:43:32Z,!75e98c18,100,100,100,96.50,unknown,50,.50
2025-09-12T00:43:32Z,!849c4818,99.00,93.00,93.00,82.50,unknown,50,.50
2025-09-12T00:43:32Z,!9eed0410,60.00,54.00,54.00,43.50,unknown,50,.50
2025-09-12T00:43:32Z,!a0cc8008,100,94.00,94.00,83.50,unknown,50,.50
2025-09-12T00:43:32Z,!ba656304,41.00,35.00,35.00,24.50,unknown,50,.50
2025-09-12T00:43:32Z,!fd17c0ed,99.00,93.00,93.00,82.50,unknown,50,.50
2025-09-12T00:52:49Z,!2c9e092b,74.00,69.00,71.00,64.50,unknown,50,.50
2025-09-12T00:52:49Z,!2df67288,98.00,86.00,88.00,81.50,unknown,50,.50
2025-09-12T00:52:49Z,!75e98c18,100,100,100,96.50,unknown,50,.50
2025-09-12T00:52:49Z,!849c4818,99.00,93.00,93.00,82.50,unknown,50,.50
2025-09-12T00:52:49Z,!9eed0410,60.00,54.00,54.00,43.50,unknown,50,.50
2025-09-12T00:52:49Z,!a0cc8008,100,94.00,94.00,83.50,unknown,50,.50
2025-09-12T00:52:49Z,!ba656304,39.00,33.00,33.00,22.50,unknown,50,.50
2025-09-12T00:52:49Z,!fd17c0ed,99.00,93.00,93.00,82.50,unknown,50,.50
2025-09-12T01:02:03Z,!2c9e092b,74.00,70.50,72.50,64.50,unknown,50,.50
2025-09-12T01:02:03Z,!2df67288,99.00,88.50,90.50,82.50,unknown,50,.50
2025-09-12T01:02:03Z,!75e98c18,100,100,100,96.50,unknown,50,.50
2025-09-12T01:02:03Z,!849c4818,99.00,94.50,94.50,82.50,unknown,50,.50
2025-09-12T01:02:03Z,!9eed0410,60.00,55.50,55.50,43.50,unknown,50,.50
2025-09-12T01:02:03Z,!a0cc8008,100,95.50,95.50,83.50,unknown,50,.50
2025-09-12T01:02:03Z,!ba656304,39.00,34.50,34.50,22.50,unknown,50,.50
2025-09-12T01:02:03Z,!fd17c0ed,98.00,93.50,93.50,81.50,unknown,50,.50
2025-09-12T01:11:22Z,!2c9e092b,74.00,70.50,72.50,64.50,unknown,50,.50
2025-09-12T01:11:22Z,!2df67288,99.00,88.50,90.50,82.50,unknown,50,.50
2025-09-12T01:11:22Z,!75e98c18,100,100,100,96.50,unknown,50,.50
2025-09-12T01:11:22Z,!849c4818,99.00,94.50,94.50,82.50,unknown,50,.50
2025-09-12T01:11:22Z,!9eed0410,59.00,54.50,54.50,42.50,unknown,50,.50
2025-09-12T01:11:22Z,!a0cc8008,100,95.50,95.50,83.50,unknown,50,.50
2025-09-12T01:11:22Z,!ba656304,39.00,34.50,34.50,22.50,unknown,50,.50
2025-09-12T01:11:22Z,!fd17c0ed,99.00,94.50,94.50,82.50,unknown,50,.50
2025-09-12T01:21:03Z,!2c9e092b,74.00,70.50,72.50,64.50,unknown,50,.50
2025-09-12T01:21:03Z,!2df67288,99.00,88.50,90.50,82.50,unknown,50,.50
2025-09-12T01:21:03Z,!75e98c18,100,100,100,96.50,unknown,50,.50
2025-09-12T01:21:03Z,!849c4818,99.00,94.50,94.50,82.50,unknown,50,.50
2025-09-12T01:21:03Z,!9eed0410,59.00,54.50,54.50,42.50,unknown,50,.50
2025-09-12T01:21:03Z,!a0cc8008,100,95.50,95.50,83.50,unknown,50,.50
2025-09-12T01:21:03Z,!ba656304,39.00,34.50,34.50,22.50,unknown,50,.50
2025-09-12T01:21:03Z,!fd17c0ed,98.00,93.50,93.50,81.50,unknown,50,.50
2025-09-12T01:30:35Z,!2c9e092b,72.00,68.50,70.50,62.50,unknown,50,.50
2025-09-12T01:30:35Z,!2df67288,99.00,88.50,90.50,82.50,unknown,50,.50
2025-09-12T01:30:35Z,!75e98c18,100,100,100,96.50,unknown,50,.50
2025-09-12T01:30:35Z,!849c4818,99.00,94.50,94.50,82.50,unknown,50,.50
2025-09-12T01:30:35Z,!9eed0410,57.00,52.50,52.50,40.50,unknown,50,.50
2025-09-12T01:30:35Z,!a0cc8008,100,95.50,95.50,83.50,unknown,50,.50
2025-09-12T01:30:35Z,!fd17c0ed,98.00,93.50,93.50,81.50,unknown,50,.50
2025-09-12T01:40:18Z,!2c9e092b,72.00,68.50,70.50,62.50,unknown,50,.50
2025-09-12T01:40:18Z,!2df67288,99.00,88.50,90.50,82.50,unknown,50,.50
2025-09-12T01:40:18Z,!75e98c18,100,100,100,96.50,unknown,50,.50
2025-09-12T01:40:18Z,!849c4818,99.00,94.50,94.50,82.50,unknown,50,.50
2025-09-12T01:40:18Z,!9eed0410,55.00,50.50,50.50,38.50,unknown,50,.50
2025-09-12T01:40:18Z,!a0cc8008,100,95.50,95.50,83.50,unknown,50,.50
2025-09-12T01:40:18Z,!ba656304,41.00,36.50,36.50,24.50,unknown,50,.50
2025-09-12T01:40:18Z,!fd17c0ed,99.00,94.50,94.50,82.50,unknown,50,.50
2025-09-12T01:49:43Z,!2c9e092b,73.00,69.50,71.50,63.50,unknown,50,.50
2025-09-12T01:49:43Z,!2df67288,99.00,88.50,90.50,82.50,unknown,50,.50
2025-09-12T01:49:43Z,!75e98c18,100,100,100,96.50,unknown,50,.50
2025-09-12T01:49:43Z,!849c4818,99.00,94.50,94.50,82.50,unknown,50,.50
2025-09-12T01:49:43Z,!9eed0410,58.00,53.50,53.50,41.50,unknown,50,.50
2025-09-12T01:49:43Z,!a0cc8008,100,95.50,95.50,83.50,unknown,50,.50
2025-09-12T01:49:43Z,!ba656304,41.00,36.50,36.50,24.50,unknown,50,.50
2025-09-12T01:49:43Z,!fd17c0ed,98.00,93.50,93.50,81.50,unknown,50,.50
2025-09-12T01:59:04Z,!2c9e092b,72.00,68.50,70.50,62.50,unknown,50,.50
2025-09-12T01:59:04Z,!2df67288,99.00,88.50,90.50,82.50,unknown,50,.50
2025-09-12T01:59:04Z,!75e98c18,100,100,100,96.50,unknown,50,.50
2025-09-12T01:59:04Z,!849c4818,99.00,94.50,94.50,82.50,unknown,50,.50
2025-09-12T01:59:04Z,!9eed0410,58.00,53.50,53.50,41.50,unknown,50,.50
2025-09-12T01:59:04Z,!a0cc8008,100,95.50,95.50,83.50,unknown,50,.50
2025-09-12T01:59:04Z,!b03d9844,78.00,73.50,73.50,61.50,unknown,50,.50
2025-09-12T01:59:04Z,!ba656304,38.00,33.50,33.50,21.50,unknown,50,.50
2025-09-12T01:59:04Z,!fd17c0ed,98.00,93.50,93.50,81.50,unknown,50,.50
2025-09-12T02:08:24Z,!2c9e092b,73.00,71.00,73.00,63.50,unknown,50,.50
2025-09-12T02:08:24Z,!2df67288,99.00,90.00,92.00,82.50,unknown,50,.50
2025-09-12T02:08:24Z,!75e98c18,100,100,100,96.50,unknown,50,.50
2025-09-12T02:08:24Z,!849c4818,99.00,96.00,96.00,82.50,unknown,50,.50
2025-09-12T02:08:24Z,!9eed0410,58.00,55.00,55.00,41.50,unknown,50,.50
2025-09-12T02:08:24Z,!a0cc8008,100,97.00,97.00,83.50,unknown,50,.50
2025-09-12T02:08:24Z,!b03d9844,78.00,75.00,75.00,61.50,unknown,50,.50
2025-09-12T02:08:24Z,!ba656304,40.00,37.00,37.00,23.50,unknown,50,.50
2025-09-12T02:08:24Z,!fd17c0ed,98.00,95.00,95.00,81.50,unknown,50,.50
2025-09-12T02:17:55Z,!2c9e092b,72.00,70.00,72.00,62.50,unknown,50,.50
2025-09-12T02:17:55Z,!2df67288,99.00,90.00,92.00,82.50,unknown,50,.50
2025-09-12T02:17:55Z,!75e98c18,100,100,100,96.50,unknown,50,.50
2025-09-12T02:17:55Z,!849c4818,99.00,96.00,96.00,82.50,unknown,50,.50
2025-09-12T02:17:55Z,!9eed0410,57.00,54.00,54.00,40.50,unknown,50,.50
2025-09-12T02:17:55Z,!a0cc8008,100,97.00,97.00,83.50,unknown,50,.50
2025-09-12T02:17:55Z,!b03d9844,78.00,75.00,75.00,61.50,unknown,50,.50
2025-09-12T02:17:55Z,!ba656304,39.00,36.00,36.00,22.50,unknown,50,.50
2025-09-12T02:17:55Z,!fd17c0ed,98.00,95.00,95.00,81.50,unknown,50,.50
2025-09-12T02:27:21Z,!2c9e092b,71.00,69.00,71.00,61.50,unknown,50,.50
2025-09-12T02:27:21Z,!2df67288,99.00,90.00,92.00,82.50,unknown,50,.50
2025-09-12T02:27:21Z,!75e98c18,100,100,100,96.50,unknown,50,.50
2025-09-12T02:27:21Z,!849c4818,99.00,96.00,96.00,82.50,unknown,50,.50
2025-09-12T02:27:21Z,!9eed0410,57.00,54.00,54.00,40.50,unknown,50,.50
2025-09-12T02:27:21Z,!a0cc8008,100,97.00,97.00,83.50,unknown,50,.50
2025-09-12T02:27:21Z,!ba656304,39.00,36.00,36.00,22.50,unknown,50,.50
2025-09-12T02:27:21Z,!fd17c0ed,98.00,95.00,95.00,81.50,unknown,50,.50
2025-09-12T02:36:56Z,!2c9e092b,72.00,70.00,72.00,62.50,unknown,50,.50
2025-09-12T02:36:56Z,!2df67288,99.00,90.00,92.00,82.50,unknown,50,.50
2025-09-12T02:36:56Z,!75e98c18,100,100,100,96.50,unknown,50,.50
2025-09-12T02:36:56Z,!849c4818,99.00,96.00,96.00,82.50,unknown,50,.50
2025-09-12T02:36:56Z,!9eed0410,57.00,54.00,54.00,40.50,unknown,50,.50
2025-09-12T02:36:56Z,!a0cc8008,100,97.00,97.00,83.50,unknown,50,.50
2025-09-12T02:36:56Z,!ba656304,38.00,35.00,35.00,21.50,unknown,50,.50
2025-09-12T02:36:56Z,!fd17c0ed,99.00,96.00,96.00,82.50,unknown,50,.50
2025-09-12T02:46:12Z,!2c9e092b,71.00,69.00,71.00,61.50,unknown,50,.50
2025-09-12T02:46:12Z,!2df67288,99.00,90.00,92.00,82.50,unknown,50,.50
2025-09-12T02:46:12Z,!75e98c18,100,100,100,96.50,unknown,50,.50
2025-09-12T02:46:12Z,!849c4818,99.00,96.00,96.00,82.50,unknown,50,.50
2025-09-12T02:46:12Z,!9eed0410,56.00,53.00,53.00,39.50,unknown,50,.50
2025-09-12T02:46:12Z,!a0cc8008,100,97.00,97.00,83.50,unknown,50,.50
2025-09-12T02:46:12Z,!ba656304,38.00,35.00,35.00,21.50,unknown,50,.50
2025-09-12T02:46:12Z,!fd17c0ed,98.00,95.00,95.00,81.50,unknown,50,.50
2025-09-12T02:55:41Z,!2c9e092b,72.00,70.00,72.00,62.50,unknown,50,.50
2025-09-12T02:55:41Z,!2df67288,99.00,90.00,92.00,82.50,unknown,50,.50
2025-09-12T02:55:41Z,!75e98c18,100,100,100,96.50,unknown,50,.50
2025-09-12T02:55:41Z,!849c4818,99.00,96.00,96.00,82.50,unknown,50,.50
2025-09-12T02:55:41Z,!9eed0410,55.00,52.00,52.00,38.50,unknown,50,.50
2025-09-12T02:55:41Z,!a0cc8008,100,97.00,97.00,83.50,unknown,50,.50
2025-09-12T02:55:41Z,!ba656304,55.00,52.00,52.00,38.50,unknown,50,.50
2025-09-12T02:55:41Z,!fd17c0ed,98.00,95.00,95.00,81.50,unknown,50,.50
2025-09-12T03:05:21Z,!2c9e092b,71.00,71.00,72.00,59.00,unknown,50,.50
2025-09-12T03:05:21Z,!2df67288,99.00,98.50,99.50,86.50,unknown,50,.50
2025-09-12T03:05:21Z,!75e98c18,100,100,100,94.00,unknown,50,.50
2025-09-12T03:05:21Z,!849c4818,99.00,100,100,91.50,unknown,50,.50
2025-09-12T03:05:21Z,!9eed0410,55.00,48.50,48.50,33.50,unknown,50,.50
2025-09-12T03:05:21Z,!a0cc8008,100,100,100,91.50,unknown,50,.50
2025-09-12T03:05:21Z,!ba656304,39.00,42.50,42.50,27.50,unknown,50,.50
2025-09-12T03:05:21Z,!fd17c0ed,98.00,100,100,90.50,unknown,50,.50
2025-09-12T03:14:43Z,!2c9e092b,71.00,71.16667,71.83333,58.16667,unknown,50,.50
2025-09-12T03:14:43Z,!2df67288,99.00,100,100,87.83333,unknown,50,.50
2025-09-12T03:14:43Z,!75e98c18,100,100,100,93.16667,unknown,50,.50
2025-09-12T03:14:43Z,!849c4818,99.00,100,100,91.50,unknown,50,.50
2025-09-12T03:14:43Z,!9eed0410,55.00,48.50,48.50,33.50,unknown,50,.50
2025-09-12T03:14:43Z,!a0cc8008,100,100,100,91.50,unknown,50,.50
2025-09-12T03:14:43Z,!ba656304,42.00,47.00,47.00,32.00,unknown,50,.50
2025-09-12T03:14:43Z,!fd17c0ed,99.00,100,100,92.00,unknown,50,.50
2025-09-12T03:24:31Z,!2c9e092b,71.00,71.25,71.75,57.75,unknown,50,.50
2025-09-12T03:24:31Z,!2df67288,99.00,100,100,88.50,unknown,50,.50
2025-09-12T03:24:31Z,!75e98c18,100,100,100,92.75,unknown,50,.50
2025-09-12T03:24:31Z,!849c4818,99.00,100,100,91.50,unknown,50,.50
2025-09-12T03:24:31Z,!9eed0410,55.00,48.50,48.50,33.50,unknown,50,.50
2025-09-12T03:24:31Z,!a0cc8008,100,100,100,91.50,unknown,50,.50
2025-09-12T03:24:31Z,!ba656304,42.00,47.50,47.50,32.50,unknown,50,.50
2025-09-12T03:24:31Z,!fd17c0ed,99.00,100,100,92.16667,unknown,50,.50
2025-09-12T03:34:04Z,!2c9e092b,70.00,70.10,70.50,56.30,unknown,50,.50
2025-09-12T03:34:04Z,!2df67288,99.00,100,100,88.90,unknown,50,.50
2025-09-12T03:34:04Z,!75e98c18,100,100,100,92.50,unknown,50,.50
2025-09-12T03:34:04Z,!849c4818,99.00,100,100,91.50,unknown,50,.50
2025-09-12T03:34:04Z,!9eed0410,54.00,47.25,47.25,32.25,unknown,50,.50
2025-09-12T03:34:04Z,!a0cc8008,100,100,100,91.50,unknown,50,.50
2025-09-12T03:34:04Z,!ba656304,34.00,37.75,37.75,22.75,unknown,50,.50
2025-09-12T03:34:04Z,!fd17c0ed,98.00,100,100,91.00,unknown,50,.50
2025-09-12T03:43:31Z,!2c9e092b,70.00,70.00,70.33333,56.00,unknown,50,.50
2025-09-12T03:43:31Z,!2df67288,99.00,100,100,89.16667,unknown,50,.50
2025-09-12T03:43:31Z,!75e98c18,100,100,100,92.33333,unknown,50,.50
2025-09-12T03:43:31Z,!849c4818,99.00,100,100,91.50,unknown,50,.50
2025-09-12T03:43:31Z,!9eed0410,54.00,47.10,47.10,32.10,unknown,50,.50
2025-09-12T03:43:31Z,!a0cc8008,100,100,100,91.50,unknown,50,.50
2025-09-12T03:43:31Z,!ba656304,43.00,47.50,47.50,32.50,unknown,50,.50
2025-09-12T03:43:31Z,!fd17c0ed,98.00,100,100,90.90,unknown,50,.50
2025-09-12T03:53:18Z,!2c9e092b,70.00,69.92857,70.21429,55.78571,unknown,50,.50
2025-09-12T03:53:18Z,!75e98c18,100,100,100,92.21429,unknown,50,.50
2025-09-12T03:53:18Z,!849c4818,99.00,100,100,91.50,unknown,50,.50
2025-09-12T03:53:18Z,!9eed0410,54.00,47.00,47.00,32.00,unknown,50,.50
2025-09-12T03:53:18Z,!a0cc8008,100,100,100,91.50,unknown,50,.50
2025-09-12T03:53:18Z,!ba656304,43.00,48.00,48.00,33.00,unknown,50,.50
2025-09-12T03:53:18Z,!fd17c0ed,98.00,100,100,90.83333,unknown,50,.50
2025-09-12T04:02:50Z,!2c9e092b,69.00,69.30,69.30,52.80,unknown,50,.50
2025-09-12T04:02:50Z,!75e98c18,100,100,100,87.70,unknown,50,.50
2025-09-12T04:02:50Z,!849c4818,99.00,100,100,91.50,unknown,50,.50
2025-09-12T04:02:50Z,!9eed0410,54.00,49.90,49.90,33.40,unknown,50,.50
2025-09-12T04:02:50Z,!a0cc8008,100,100,100,91.90,unknown,50,.50
2025-09-12T04:02:50Z,!ba656304,43.00,51.30,51.30,34.80,unknown,50,.50
2025-09-12T04:02:50Z,!fd17c0ed,98.00,100,100,90.30,unknown,50,.50
2025-09-12T04:12:39Z,!2c9e092b,69.00,68.60,68.60,52.10,unknown,50,.50
2025-09-12T04:12:39Z,!2df67288,98.00,100,100,94.90,unknown,50,.50
2025-09-12T04:12:39Z,!75e98c18,100,100,100,85.30,unknown,50,.50
2025-09-12T04:12:39Z,!849c4818,99.00,100,100,91.50,unknown,50,.50
2025-09-12T04:12:39Z,!9eed0410,54.00,51.20,51.20,34.70,unknown,50,.50
2025-09-12T04:12:39Z,!a0cc8008,100,100,100,92.30,unknown,50,.50
2025-09-12T04:12:39Z,!ba656304,43.00,52.60,52.60,36.10,unknown,50,.50
2025-09-12T04:12:39Z,!fd17c0ed,98.00,100,100,89.90,unknown,50,.50
2025-09-12T04:22:18Z,!2c9e092b,68.00,67.00,67.00,50.50,unknown,50,.50
2025-09-12T04:22:18Z,!2df67288,99.00,100,100,96.10,unknown,50,.50
2025-09-12T04:22:18Z,!75e98c18,100,100,100,85.30,unknown,50,.50
2025-09-12T04:22:18Z,!849c4818,99.00,100,100,91.50,unknown,50,.50
2025-09-12T04:22:18Z,!9eed0410,53.00,49.60,49.60,33.10,unknown,50,.50
2025-09-12T04:22:18Z,!a0cc8008,100,100,100,92.30,unknown,50,.50
2025-09-12T04:22:18Z,!b03d9844,74.00,74.00,74.00,57.50,unknown,50,.50
2025-09-12T04:22:18Z,!fd17c0ed,98.00,100,100,89.90,unknown,50,.50
2025-09-12T04:31:39Z,!2c9e092b,68.00,66.60,66.60,50.10,unknown,50,.50
2025-09-12T04:31:39Z,!2df67288,99.00,100,100,96.50,unknown,50,.50
2025-09-12T04:31:39Z,!75e98c18,100,100,100,85.30,unknown,50,.50
2025-09-12T04:31:39Z,!849c4818,99.00,100,100,91.50,unknown,50,.50
2025-09-12T04:31:39Z,!9eed0410,53.00,49.20,49.20,32.70,unknown,50,.50
2025-09-12T04:31:39Z,!a0cc8008,100,100,100,92.30,unknown,50,.50
2025-09-12T04:31:39Z,!b03d9844,74.00,74.00,74.00,57.50,unknown,50,.50
2025-09-12T04:31:39Z,!ba656304,26.00,25.40,25.40,8.90,unknown,50,.50
2025-09-12T04:31:39Z,!fd17c0ed,98.00,100,100,89.90,unknown,50,.50
2025-09-12T04:41:13Z,!2c9e092b,67.00,65.00,65.00,48.50,unknown,50,.50
2025-09-12T04:41:13Z,!2df67288,99.00,100,100,96.50,unknown,50,.50
2025-09-12T04:41:13Z,!75e98c18,100,100,100,85.30,unknown,50,.50
2025-09-12T04:41:13Z,!849c4818,99.00,100,100,91.50,unknown,50,.50
2025-09-12T04:41:13Z,!9eed0410,53.00,49.20,49.20,32.70,unknown,50,.50
2025-09-12T04:41:13Z,!a0cc8008,100,100,100,92.30,unknown,50,.50
2025-09-12T04:41:13Z,!b03d9844,74.00,74.00,74.00,57.50,unknown,50,.50
2025-09-12T04:41:13Z,!ba656304,27.00,20.20,20.20,3.70,unknown,50,.50
2025-09-12T04:41:13Z,!fd17c0ed,98.00,100,100,89.90,unknown,50,.50
2025-09-12T04:50:49Z,!2c9e092b,66.00,63.00,63.00,46.50,unknown,50,.50
2025-09-12T04:50:49Z,!75e98c18,100,100,100,85.30,unknown,50,.50
2025-09-12T04:50:49Z,!849c4818,99.00,100,100,91.50,unknown,50,.50
2025-09-12T04:50:49Z,!9eed0410,52.00,47.60,47.60,31.10,unknown,50,.50
2025-09-12T04:50:49Z,!a0cc8008,100,100,100,92.30,unknown,50,.50
2025-09-12T04:50:49Z,!b03d9844,74.00,74.00,74.00,57.50,unknown,50,.50
2025-09-12T04:50:49Z,!ba656304,27.00,20.60,20.60,4.10,unknown,50,.50
2025-09-12T04:50:49Z,!fd17c0ed,98.00,100,100,89.90,unknown,50,.50
2025-09-12T05:00:28Z,!2c9e092b,65.00,61.15,61.15,44.65,unknown,50,.50
2025-09-12T05:00:28Z,!75e98c18,100,100,100,84.45,unknown,50,.50
2025-09-12T05:00:28Z,!849c4818,99.00,100,100,90.45,unknown,50,.50
2025-09-12T05:00:28Z,!9eed0410,52.00,48.35,48.35,31.85,unknown,50,.50
2025-09-12T05:00:28Z,!a0cc8008,100,100,100,91.75,unknown,50,.50
2025-09-12T05:00:28Z,!b03d9844,74.00,74.00,74.00,57.50,unknown,50,.50
2025-09-12T05:00:28Z,!ba656304,48.00,52.75,52.75,36.25,unknown,50,.50
2025-09-12T05:00:28Z,!fd17c0ed,98.00,100,100,89.05,unknown,50,.50
2025-09-12T05:10:04Z,!2c9e092b,64.00,59.30,59.30,42.80,unknown,50,.50
2025-09-12T05:10:04Z,!75e98c18,100,100,100,84.00,unknown,50,.50
2025-09-12T05:10:04Z,!849c4818,99.00,100,100,90.00,unknown,50,.50
2025-09-12T05:10:04Z,!9eed0410,51.00,47.20,47.20,30.70,unknown,50,.50
2025-09-12T05:10:04Z,!a0cc8008,100,100,100,91.60,unknown,50,.50
2025-09-12T05:10:04Z,!b03d9844,74.00,74.00,74.00,57.50,unknown,50,.50
2025-09-12T05:10:04Z,!ba656304,48.00,63.90,63.90,47.40,unknown,50,.50
2025-09-12T05:10:04Z,!fd17c0ed,98.00,100,100,88.70,unknown,50,.50
2025-09-12T05:19:49Z,!2c9e092b,63.00,57.30,57.30,40.80,unknown,50,.50
2025-09-12T05:19:49Z,!75e98c18,100,100,100,84.00,unknown,50,.50
2025-09-12T05:19:49Z,!849c4818,99.00,100,100,90.00,unknown,50,.50
2025-09-12T05:19:49Z,!9eed0410,48.00,41.80,41.80,25.30,unknown,50,.50
2025-09-12T05:19:49Z,!a0cc8008,100,100,100,91.60,unknown,50,.50
2025-09-12T05:19:49Z,!b03d9844,74.00,74.00,74.00,57.50,unknown,50,.50
2025-09-12T05:19:49Z,!ba656304,35.00,44.40,44.40,27.90,unknown,50,.50
2025-09-12T05:19:49Z,!fd17c0ed,98.00,100,100,88.70,unknown,50,.50
2025-09-12T05:29:29Z,!2c9e092b,62.00,55.30,55.30,38.80,unknown,50,.50
2025-09-12T05:29:29Z,!2df67288,99.00,100,100,95.00,unknown,50,.50
2025-09-12T05:29:29Z,!75e98c18,100,100,100,84.00,unknown,50,.50
2025-09-12T05:29:29Z,!849c4818,99.00,100,100,90.00,unknown,50,.50
2025-09-12T05:29:29Z,!9eed0410,48.00,40.90,40.90,24.40,unknown,50,.50
2025-09-12T05:29:29Z,!a0cc8008,100,100,100,91.60,unknown,50,.50
2025-09-12T05:29:29Z,!ba656304,52.00,63.40,63.40,46.90,unknown,50,.50
2025-09-12T05:29:29Z,!fd17c0ed,98.00,100,100,88.70,unknown,50,.50
2025-09-12T05:38:50Z,!2c9e092b,62.00,55.00,55.00,38.50,unknown,50,.50
2025-09-12T05:38:50Z,!2df67288,100,100,100,96.70,unknown,50,.50
2025-09-12T05:38:50Z,!75e98c18,100,100,100,84.00,unknown,50,.50
2025-09-12T05:38:50Z,!849c4818,99.00,100,100,90.00,unknown,50,.50
2025-09-12T05:38:50Z,!9eed0410,45.00,35.80,35.80,19.30,unknown,50,.50
2025-09-12T05:38:50Z,!a0cc8008,100,100,100,91.60,unknown,50,.50
2025-09-12T05:38:50Z,!ba656304,52.00,71.90,71.90,55.40,unknown,50,.50
2025-09-12T05:38:50Z,!fd17c0ed,98.00,100,100,88.70,unknown,50,.50
2025-09-12T05:48:58Z,!2c9e092b,61.00,53.30,53.30,36.80,unknown,50,.50
2025-09-12T05:48:58Z,!2df67288,100,100,100,97.00,unknown,50,.50
2025-09-12T05:48:58Z,!75e98c18,100,100,100,84.00,unknown,50,.50
2025-09-12T05:48:58Z,!849c4818,99.00,100,100,90.00,unknown,50,.50
2025-09-12T05:48:58Z,!9eed0410,48.00,40.00,40.00,23.50,unknown,50,.50
2025-09-12T05:48:58Z,!a0cc8008,100,100,100,91.60,unknown,50,.50
2025-09-12T05:48:58Z,!ba656304,51.00,70.40,70.40,53.90,unknown,50,.50
2025-09-12T05:48:58Z,!fd17c0ed,98.00,100,100,88.70,unknown,50,.50
2025-09-12T05:58:37Z,!2c9e092b,60.00,51.30,51.30,34.80,unknown,50,.50
2025-09-12T05:58:37Z,!2df67288,100,100,100,97.00,unknown,50,.50
2025-09-12T05:58:37Z,!75e98c18,100,100,100,84.00,unknown,50,.50
2025-09-12T05:58:37Z,!849c4818,99.00,100,100,90.00,unknown,50,.50
2025-09-12T05:58:37Z,!9eed0410,47.00,39.20,39.20,22.70,unknown,50,.50
2025-09-12T05:58:37Z,!a0cc8008,100,100,100,91.60,unknown,50,.50
2025-09-12T05:58:37Z,!ba656304,41.00,54.90,54.90,38.40,unknown,50,.50
2025-09-12T05:58:37Z,!fd17c0ed,98.00,100,100,88.70,unknown,50,.50
2025-09-12T06:08:22Z,!2c9e092b,59.00,0,0,0,unknown,50,.50
2025-09-12T06:08:22Z,!2df67288,100,13.5,13.5,13.5,unknown,50,.50
2025-09-12T06:08:22Z,!75e98c18,100,.2,.2,.2,unknown,50,.50
2025-09-12T06:08:22Z,!849c4818,99.00,6.6,6.6,6.6,unknown,50,.50
2025-09-12T06:08:22Z,!9eed0410,48.00,0,0,0,unknown,50,.50
2025-09-12T06:08:22Z,!a0cc8008,100,6.9,6.9,6.9,unknown,50,.50
2025-09-12T06:08:22Z,!ba656304,44.00,11.05,11.05,11.05,unknown,50,.50
2025-09-12T06:08:22Z,!fd17c0ed,98.00,6.1,6.1,6.1,unknown,50,.50
2025-09-12T06:18:19Z,!2c9e092b,59.00,0,0,0,unknown,50,.50
2025-09-12T06:18:19Z,!2df67288,100,13.6,13.6,13.6,unknown,50,.50
2025-09-12T06:18:19Z,!75e98c18,100,0,0,0,unknown,50,.50
2025-09-12T06:18:19Z,!849c4818,99.00,6,6,6,unknown,50,.50
2025-09-12T06:18:19Z,!9eed0410,48.00,0,0,0,unknown,50,.50
2025-09-12T06:18:19Z,!a0cc8008,100,6,6,6,unknown,50,.50
2025-09-12T06:18:19Z,!ba656304,36.00,9.2,9.2,9.2,unknown,50,.50
2025-09-12T06:18:19Z,!fd17c0ed,98.00,5.3,5.3,5.3,unknown,50,.50
2025-09-12T06:28:20Z,!2c9e092b,59.00,0,0,0,unknown,50,.50
2025-09-12T06:28:20Z,!2df67288,100,13.6,13.6,13.6,unknown,50,.50
2025-09-12T06:28:20Z,!75e98c18,100,0,0,0,unknown,50,.50
2025-09-12T06:28:20Z,!849c4818,99.00,6,6,6,unknown,50,.50
2025-09-12T06:28:20Z,!9eed0410,49.00,0,0,0,unknown,50,.50
2025-09-12T06:28:20Z,!a0cc8008,100,6,6,6,unknown,50,.50
2025-09-12T06:28:20Z,!ba656304,36.00,5.2,5.2,5.2,unknown,50,.50
2025-09-12T06:28:20Z,!fd17c0ed,98.00,5.3,5.3,5.3,unknown,50,.50
2025-09-12T06:38:16Z,!2c9e092b,59.00,0,0,0,unknown,50,.50
2025-09-12T06:38:16Z,!2df67288,100,13.6,13.6,13.6,unknown,50,.50
2025-09-12T06:38:16Z,!75e98c18,100,0,0,0,unknown,50,.50
2025-09-12T06:38:16Z,!849c4818,99.00,6,6,6,unknown,50,.50
2025-09-12T06:38:16Z,!9eed0410,49.00,0,0,0,unknown,50,.50
2025-09-12T06:38:16Z,!a0cc8008,100,6,6,6,unknown,50,.50
2025-09-12T06:38:16Z,!ba656304,36.00,5.2,5.2,5.2,unknown,50,.50
2025-09-12T06:38:16Z,!fd17c0ed,98.00,5.3,5.3,5.3,unknown,50,.50
2025-09-12T06:48:23Z,!2c9e092b,57.00,0,0,0,unknown,50,.50
2025-09-12T06:48:23Z,!2df67288,100,13.6,13.6,13.6,unknown,50,.50
2025-09-12T06:48:23Z,!75e98c18,100,0,0,0,unknown,50,.50
2025-09-12T06:48:23Z,!849c4818,99.00,6,6,6,unknown,50,.50
2025-09-12T06:48:23Z,!9eed0410,49.00,0,0,0,unknown,50,.50
2025-09-12T06:48:23Z,!a0cc8008,100,6,6,6,unknown,50,.50
2025-09-12T06:48:23Z,!fd17c0ed,98.00,5.3,5.3,5.3,unknown,50,.50
2025-09-12T06:58:22Z,!2c9e092b,57.00,0,0,0,unknown,50,.50
2025-09-12T06:58:22Z,!2df67288,100,13.6,13.6,13.6,unknown,50,.50
2025-09-12T06:58:22Z,!75e98c18,100,0,0,0,unknown,50,.50
2025-09-12T06:58:22Z,!849c4818,99.00,6,6,6,unknown,50,.50
2025-09-12T06:58:22Z,!9eed0410,52.00,0,0,0,unknown,50,.50
2025-09-12T06:58:22Z,!a0cc8008,100,6,6,6,unknown,50,.50
2025-09-12T06:58:22Z,!ba656304,39.00,6.7,6.7,6.7,unknown,50,.50
2025-09-12T06:58:22Z,!fd17c0ed,98.00,5.3,5.3,5.3,unknown,50,.50
2025-09-12T07:08:25Z,!2c9e092b,55.00,0,0,0,unknown,50,.50
2025-09-12T07:08:25Z,!2df67288,100,12.25,12.25,12.25,unknown,50,.50
2025-09-12T07:08:25Z,!75e98c18,100,0,0,0,unknown,50,.50
2025-09-12T07:08:25Z,!849c4818,99.00,4.95,4.95,4.95,unknown,50,.50
2025-09-12T07:08:25Z,!9eed0410,51.00,0,0,0,unknown,50,.50
2025-09-12T07:08:25Z,!a0cc8008,100,4.95,4.95,4.95,unknown,50,.50
2025-09-12T07:08:25Z,!ba656304,39.00,5.8,5.8,5.8,unknown,50,.50
2025-09-12T07:08:25Z,!fd17c0ed,98.00,4.45,4.45,4.45,unknown,50,.50
2025-09-12T07:18:33Z,!2c9e092b,54.00,0,0,0,unknown,50,.50
2025-09-12T07:18:33Z,!2df67288,100,11.5,11.5,11.5,unknown,50,.50
2025-09-12T07:18:33Z,!75e98c18,100,0,0,0,unknown,50,.50
2025-09-12T07:18:33Z,!849c4818,99.00,4.5,4.5,4.5,unknown,50,.50
2025-09-12T07:18:33Z,!9eed0410,52.00,0,0,0,unknown,50,.50
2025-09-12T07:18:33Z,!a0cc8008,100,4.5,4.5,4.5,unknown,50,.50
2025-09-12T07:18:33Z,!ba656304,39.00,3.9,3.9,3.9,unknown,50,.50
2025-09-12T07:18:33Z,!fd17c0ed,98.00,4.2,4.2,4.2,unknown,50,.50
2025-09-12T07:28:43Z,!2c9e092b,55.00,0,0,0,unknown,50,.50
2025-09-12T07:28:43Z,!2df67288,100,11.5,11.5,11.5,unknown,50,.50
2025-09-12T07:28:43Z,!75e98c18,100,0,0,0,unknown,50,.50
2025-09-12T07:28:43Z,!849c4818,99.00,4.5,4.5,4.5,unknown,50,.50
2025-09-12T07:28:43Z,!9eed0410,74.00,14.2,14.2,14.2,unknown,50,.50
2025-09-12T07:28:43Z,!a0cc8008,100,4.5,4.5,4.5,unknown,50,.50
2025-09-12T07:28:43Z,!ba656304,39.00,3.9,3.9,3.9,unknown,50,.50
2025-09-12T07:28:43Z,!fd17c0ed,98.00,4.2,4.2,4.2,unknown,50,.50
2025-09-12T07:38:39Z,!2c9e092b,54.00,0,0,0,unknown,50,.50
2025-09-12T07:38:39Z,!2df67288,100,11.5,11.5,11.5,unknown,50,.50
2025-09-12T07:38:39Z,!75e98c18,100,0,0,0,unknown,50,.50
2025-09-12T07:38:39Z,!849c4818,99.00,4.5,4.5,4.5,unknown,50,.50
2025-09-12T07:38:39Z,!9eed0410,59.00,10.3,10.3,10.3,unknown,50,.50
2025-09-12T07:38:39Z,!a0cc8008,100,4.5,4.5,4.5,unknown,50,.50
2025-09-12T07:38:39Z,!fd17c0ed,98.00,4.2,4.2,4.2,unknown,50,.50
2025-09-12T07:48:50Z,!2c9e092b,53.00,0,0,0,unknown,50,.50
2025-09-12T07:48:50Z,!2df67288,100,11.5,11.5,11.5,unknown,50,.50
2025-09-12T07:48:50Z,!75e98c18,100,0,0,0,unknown,50,.50
2025-09-12T07:48:50Z,!849c4818,99.00,4.5,4.5,4.5,unknown,50,.50
2025-09-12T07:48:50Z,!9eed0410,74.00,16.3,16.3,16.3,unknown,50,.50
2025-09-12T07:48:50Z,!a0cc8008,100,4.5,4.5,4.5,unknown,50,.50
2025-09-12T07:48:50Z,!fd17c0ed,98.00,4.2,4.2,4.2,unknown,50,.50
2025-09-12T07:58:56Z,!2c9e092b,53.00,0,0,0,unknown,50,.50
2025-09-12T07:58:56Z,!2df67288,100,11.5,11.5,11.5,unknown,50,.50
2025-09-12T07:58:56Z,!75e98c18,100,0,0,0,unknown,50,.50
2025-09-12T07:58:56Z,!849c4818,99.00,4.5,4.5,4.5,unknown,50,.50
2025-09-12T07:58:56Z,!9eed0410,62.00,12.4,12.4,12.4,unknown,50,.50
2025-09-12T07:58:56Z,!a0cc8008,100,4.5,4.5,4.5,unknown,50,.50
2025-09-12T07:58:56Z,!fd17c0ed,98.00,4.2,4.2,4.2,unknown,50,.50
2025-09-12T08:09:24Z,!2c9e092b,52.00,35.00,30.50,18.50,unknown,50,.50
2025-09-12T08:09:24Z,!75e98c18,100,100,95.50,83.50,unknown,50,.50
2025-09-12T08:09:24Z,!849c4818,99.00,100,98.10,86.10,unknown,50,.50
2025-09-12T08:09:24Z,!9eed0410,62.00,70.80,66.30,54.30,unknown,50,.50
2025-09-12T08:09:24Z,!a0cc8008,100,100,99.10,87.10,unknown,50,.50
2025-09-12T08:09:24Z,!fd17c0ed,98.00,100,96.90,84.90,unknown,50,.50
2025-09-12T08:19:30Z,!2c9e092b,51.00,32.70,28.20,16.20,unknown,50,.50
2025-09-12T08:19:30Z,!75e98c18,100,100,95.50,83.50,unknown,50,.50
2025-09-12T08:19:30Z,!849c4818,99.00,100,97.50,85.50,unknown,50,.50
2025-09-12T08:19:30Z,!9eed0410,63.00,72.10,67.60,55.60,unknown,50,.50
2025-09-12T08:19:30Z,!a0cc8008,100,100,98.50,86.50,unknown,50,.50
2025-09-12T08:19:30Z,!fd17c0ed,98.00,100,96.30,84.30,unknown,50,.50
2025-09-12T08:29:26Z,!2c9e092b,51.00,32.30,27.80,15.80,unknown,50,.50
2025-09-12T08:29:26Z,!2df67288,100,100,100,93.50,unknown,50,.50
2025-09-12T08:29:26Z,!75e98c18,100,100,95.50,83.50,unknown,50,.50
2025-09-12T08:29:26Z,!849c4818,99.00,100,97.50,85.50,unknown,50,.50
2025-09-12T08:29:26Z,!9eed0410,74.00,90.10,85.60,73.60,unknown,50,.50
2025-09-12T08:29:26Z,!a0cc8008,100,100,98.50,86.50,unknown,50,.50
2025-09-12T08:29:26Z,!fd17c0ed,98.00,100,96.30,84.30,unknown,50,.50
2025-09-12T08:39:52Z,!2c9e092b,51.00,32.30,27.80,15.80,unknown,50,.50
2025-09-12T08:39:52Z,!2df67288,100,100,100,93.50,unknown,50,.50
2025-09-12T08:39:52Z,!75e98c18,100,100,95.50,83.50,unknown,50,.50
2025-09-12T08:39:52Z,!849c4818,99.00,100,97.50,85.50,unknown,50,.50
2025-09-12T08:39:52Z,!9eed0410,82.00,100,100,90.80,unknown,50,.50
2025-09-12T08:39:52Z,!a0cc8008,100,100,98.50,86.50,unknown,50,.50
2025-09-12T08:39:52Z,!fd17c0ed,98.00,100,96.30,84.30,unknown,50,.50
2025-09-12T08:49:54Z,!2c9e092b,50.00,30.70,26.20,14.20,unknown,50,.50
2025-09-12T08:49:54Z,!2df67288,100,100,100,93.50,unknown,50,.50
2025-09-12T08:49:54Z,!75e98c18,100,100,95.50,83.50,unknown,50,.50
2025-09-12T08:49:54Z,!849c4818,99.00,100,97.50,85.50,unknown,50,.50
2025-09-12T08:49:54Z,!9eed0410,74.00,97.70,93.20,81.20,unknown,50,.50
2025-09-12T08:49:54Z,!a0cc8008,100,100,98.50,86.50,unknown,50,.50
2025-09-12T08:49:54Z,!fd17c0ed,98.00,100,96.30,84.30,unknown,50,.50
2025-09-12T09:00:06Z,!2c9e092b,50.00,30.0055,24.0055,13.5055,unknown,50,.50
2025-09-12T09:00:06Z,!2df67288,100,100,99.20,88.70,unknown,50,.50
2025-09-12T09:00:06Z,!75e98c18,100,100,94.95,84.45,unknown,50,.50
2025-09-12T09:00:06Z,!849c4818,99.00,100,94.35,83.85,unknown,50,.50
2025-09-12T09:00:06Z,!9eed0410,76.00,100,94.965,84.465,unknown,50,.50
2025-09-12T09:00:06Z,!a0cc8008,100,100,95.85,85.35,unknown,50,.50
2025-09-12T09:00:06Z,!fd17c0ed,98.00,98.65,92.65,82.15,unknown,50,.50
2025-09-12T09:09:58Z,!2c9e092b,50.00,30.1626,24.1626,13.6626,unknown,50,.50
2025-09-12T09:09:58Z,!2df67288,100,100,96.25,85.75,unknown,50,.50
2025-09-12T09:09:58Z,!75e98c18,100,100,95.90,85.40,unknown,50,.50
2025-09-12T09:09:58Z,!849c4818,99.00,100,94.30,83.80,unknown,50,.50
2025-09-12T09:09:58Z,!9eed0410,84.00,100,100,99.305,unknown,50,.50
2025-09-12T09:09:58Z,!a0cc8008,97.00,96.80,90.80,80.30,unknown,50,.50
2025-09-12T09:09:58Z,!fd17c0ed,98.00,98.50,92.50,82.00,unknown,50,.50
2025-09-12T09:19:51Z,!2c9e092b,49.00,28.4626,22.4626,11.9626,unknown,50,.50
2025-09-12T09:19:51Z,!2df67288,100,100,96.25,85.75,unknown,50,.50
2025-09-12T09:19:51Z,!75e98c18,100,100,95.90,85.40,unknown,50,.50
2025-09-12T09:19:51Z,!849c4818,99.00,100,94.30,83.80,unknown,50,.50
2025-09-12T09:19:51Z,!9eed0410,91.00,100,100,100,unknown,50,.50
2025-09-12T09:19:51Z,!a0cc8008,100,100,95.00,84.50,unknown,50,.50
2025-09-12T09:19:51Z,!fd17c0ed,98.00,98.50,92.50,82.00,unknown,50,.50
2025-09-12T09:30:11Z,!2c9e092b,49.00,28.1626,22.1626,11.6626,unknown,50,.50
2025-09-12T09:30:11Z,!2df67288,100,100,96.25,85.75,unknown,50,.50
2025-09-12T09:30:11Z,!75e98c18,100,100,95.90,85.40,unknown,50,.50
2025-09-12T09:30:11Z,!849c4818,99.00,100,94.30,83.80,unknown,50,.50
2025-09-12T09:30:11Z,!9eed0410,100.00,100,100,100,unknown,50,.50
2025-09-12T09:30:11Z,!a0cc8008,100,100,95.90,85.40,unknown,50,.50
2025-09-12T09:30:11Z,!ba656304,61.00,72.325,66.325,55.825,unknown,50,.50
2025-09-12T09:30:11Z,!fd17c0ed,98.00,98.50,92.50,82.00,unknown,50,.50
2025-09-12T09:40:27Z,!2c9e092b,48.00,26.4626,20.4626,9.9626,unknown,50,.50
2025-09-12T09:40:27Z,!2df67288,100,100,96.25,85.75,unknown,50,.50
2025-09-12T09:40:27Z,!75e98c18,100,100,95.90,85.40,unknown,50,.50
2025-09-12T09:40:27Z,!849c4818,99.00,100,94.30,83.80,unknown,50,.50
2025-09-12T09:40:27Z,!9eed0410,100,100,100,100,unknown,50,.50
2025-09-12T09:40:27Z,!a0cc8008,100,100,95.90,85.40,unknown,50,.50
2025-09-12T09:40:27Z,!ba656304,67.00,89.125,83.125,72.625,unknown,50,.50
2025-09-12T09:40:27Z,!fd17c0ed,98.00,98.50,92.50,82.00,unknown,50,.50
2025-09-12T09:50:19Z,!2c9e092b,47.00,24.4626,18.4626,7.9626,unknown,50,.50
2025-09-12T09:50:19Z,!2df67288,100,100,96.25,85.75,unknown,50,.50
2025-09-12T09:50:19Z,!75e98c18,100,100,95.90,85.40,unknown,50,.50
2025-09-12T09:50:19Z,!849c4818,99.00,100,94.30,83.80,unknown,50,.50
2025-09-12T09:50:19Z,!9eed0410,92.00,100,100,100,unknown,50,.50
2025-09-12T09:50:19Z,!a0cc8008,100,100,95.90,85.40,unknown,50,.50
2025-09-12T09:50:19Z,!ba656304,49.00,60.325,54.325,43.825,unknown,50,.50
2025-09-12T09:50:19Z,!fd17c0ed,98.00,98.50,92.50,82.00,unknown,50,.50
2025-09-12T10:00:35Z,!2c9e092b,48.00,27.04,19.54,10.54,unknown,50,.50
2025-09-12T10:00:35Z,!2df67288,100,100,100,91.30,unknown,50,.50
2025-09-12T10:00:35Z,!75e98c18,100,100,92.50,83.50,unknown,50,.50
2025-09-12T10:00:35Z,!849c4818,99.00,100,96.50,87.50,unknown,50,.50
2025-09-12T10:00:35Z,!9eed0410,97.00,100,100,100,unknown,50,.50
2025-09-12T10:00:35Z,!a0cc8008,100,100,97.70,88.70,unknown,50,.50
2025-09-12T10:00:35Z,!ba656304,49.00,66.02,58.52,49.52,unknown,50,.50
2025-09-12T10:00:35Z,!fd17c0ed,98.00,100,94.80,85.80,unknown,50,.50
2025-09-12T10:10:56Z,!2c9e092b,47.00,25.04,17.54,8.54,unknown,50,.50
2025-09-12T10:10:56Z,!2df67288,100,100,100,91.30,unknown,50,.50
2025-09-12T10:10:56Z,!75e98c18,100,100,92.50,83.50,unknown,50,.50
2025-09-12T10:10:56Z,!849c4818,99.00,100,96.50,87.50,unknown,50,.50
2025-09-12T10:10:56Z,!9eed0410,100,100,100,100,unknown,50,.50
2025-09-12T10:10:56Z,!a0cc8008,100,100,97.70,88.70,unknown,50,.50
2025-09-12T10:10:56Z,!ba656304,49.00,66.02,58.52,49.52,unknown,50,.50
2025-09-12T10:10:56Z,!fd17c0ed,98.00,100,94.80,85.80,unknown,50,.50
2025-09-12T10:21:24Z,!2c9e092b,47.00,25.04,17.54,8.54,unknown,50,.50
2025-09-12T10:21:24Z,!2df67288,100,100,100,91.30,unknown,50,.50
2025-09-12T10:21:24Z,!75e98c18,100,100,92.50,83.50,unknown,50,.50
2025-09-12T10:21:24Z,!849c4818,99.00,100,96.50,87.50,unknown,50,.50
2025-09-12T10:21:24Z,!9eed0410,100,100,100,100,unknown,50,.50
2025-09-12T10:21:24Z,!a0cc8008,100,100,97.70,88.70,unknown,50,.50
2025-09-12T10:21:24Z,!ba656304,49.00,66.02,58.52,49.52,unknown,50,.50
2025-09-12T10:21:24Z,!fd17c0ed,98.00,100,94.80,85.80,unknown,50,.50
2025-09-12T10:31:43Z,!2c9e092b,48.00,27.04,19.54,10.54,unknown,50,.50
2025-09-12T10:31:43Z,!2df67288,100,100,100,91.30,unknown,50,.50
2025-09-12T10:31:43Z,!75e98c18,100,100,92.50,83.50,unknown,50,.50
2025-09-12T10:31:43Z,!849c4818,99.00,100,96.50,87.50,unknown,50,.50
2025-09-12T10:31:43Z,!9eed0410,100,100,100,100,unknown,50,.50
2025-09-12T10:31:43Z,!a0cc8008,100,100,97.70,88.70,unknown,50,.50
2025-09-12T10:31:43Z,!fd17c0ed,98.00,100,94.80,85.80,unknown,50,.50
2025-09-12T10:41:29Z,!2c9e092b,47.00,25.04,17.54,8.54,unknown,50,.50
2025-09-12T10:41:29Z,!2df67288,100,100,100,91.30,unknown,50,.50
2025-09-12T10:41:29Z,!75e98c18,100,100,92.50,83.50,unknown,50,.50
2025-09-12T10:41:29Z,!849c4818,99.00,100,96.50,87.50,unknown,50,.50
2025-09-12T10:41:29Z,!9eed0410,100,100,100,100,unknown,50,.50
2025-09-12T10:41:29Z,!a0cc8008,100,100,97.70,88.70,unknown,50,.50
2025-09-12T10:41:29Z,!fd17c0ed,98.00,100,94.80,85.80,unknown,50,.50
2025-09-12T10:51:29Z,!2c9e092b,47.00,25.04,17.54,8.54,unknown,50,.50
2025-09-12T10:51:29Z,!2df67288,100,100,100,91.30,unknown,50,.50
2025-09-12T10:51:29Z,!75e98c18,100,100,92.50,83.50,unknown,50,.50
2025-09-12T10:51:29Z,!849c4818,99.00,100,96.50,87.50,unknown,50,.50
2025-09-12T10:51:29Z,!9eed0410,100,100,100,100,unknown,50,.50
2025-09-12T10:51:29Z,!a0cc8008,100,100,97.70,88.70,unknown,50,.50
2025-09-12T10:51:29Z,!fd17c0ed,98.00,100,94.80,85.80,unknown,50,.50
2025-09-12T11:01:17Z,!2c9e092b,47.00,28.29,19.29,11.79,unknown,50,.50
2025-09-12T11:01:17Z,!2df67288,100,100,99.05,91.55,unknown,50,.50
2025-09-12T11:01:17Z,!75e98c18,100,100,91.00,83.50,unknown,50,.50
2025-09-12T11:01:17Z,!849c4818,99.00,100,94.95,87.45,unknown,50,.50
2025-09-12T11:01:17Z,!9eed0410,100,100,100,100,unknown,50,.50
2025-09-12T11:01:17Z,!a0cc8008,100,100,96.55,89.05,unknown,50,.50
2025-09-12T11:01:17Z,!fd17c0ed,99.00,100,95.45,87.95,unknown,50,.50
2025-09-12T11:11:06Z,!2c9e092b,46.00,26.29,17.29,9.79,unknown,50,.50
2025-09-12T11:11:06Z,!2df67288,100,100,99.05,91.55,unknown,50,.50
2025-09-12T11:11:06Z,!75e98c18,100,100,91.00,83.50,unknown,50,.50
2025-09-12T11:11:06Z,!849c4818,99.00,100,94.95,87.45,unknown,50,.50
2025-09-12T11:11:06Z,!9eed0410,100,100,100,100,unknown,50,.50
2025-09-12T11:11:06Z,!a0cc8008,100,100,96.55,89.05,unknown,50,.50
2025-09-12T11:11:06Z,!fd17c0ed,98.00,100,93.45,85.95,unknown,50,.50
2025-09-12T11:20:59Z,!2c9e092b,46.00,26.29,17.29,9.79,unknown,50,.50
2025-09-12T11:20:59Z,!2df67288,100,100,99.05,91.55,unknown,50,.50
2025-09-12T11:20:59Z,!75e98c18,100,100,91.00,83.50,unknown,50,.50
2025-09-12T11:20:59Z,!849c4818,99.00,100,94.95,87.45,unknown,50,.50
2025-09-12T11:20:59Z,!9eed0410,100,100,100,100,unknown,50,.50
2025-09-12T11:20:59Z,!a0cc8008,100,100,96.55,89.05,unknown,50,.50
2025-09-12T11:20:59Z,!fd17c0ed,98.00,100,93.45,85.95,unknown,50,.50
2025-09-12T11:30:46Z,!2c9e092b,46.00,26.29,17.29,9.79,unknown,50,.50
2025-09-12T11:30:46Z,!2df67288,100,100,99.05,91.55,unknown,50,.50
2025-09-12T11:30:46Z,!75e98c18,100,100,91.00,83.50,unknown,50,.50
2025-09-12T11:30:46Z,!849c4818,99.00,100,94.95,87.45,unknown,50,.50
2025-09-12T11:30:46Z,!9eed0410,100,100,100,100,unknown,50,.50
2025-09-12T11:30:46Z,!a0cc8008,100,100,96.55,89.05,unknown,50,.50
2025-09-12T11:30:46Z,!b03d9844,98.00,100,96.20,88.70,unknown,50,.50
2025-09-12T11:30:46Z,!ba656304,31.00,15.45,6.45,0,unknown,50,.50
2025-09-12T11:30:46Z,!fd17c0ed,98.00,100,93.45,85.95,unknown,50,.50
2025-09-12T11:40:35Z,!2c9e092b,45.00,24.29,15.29,7.79,unknown,50,.50
2025-09-12T11:40:35Z,!2df67288,100,100,99.05,91.55,unknown,50,.50
2025-09-12T11:40:35Z,!75e98c18,100,100,91.00,83.50,unknown,50,.50
2025-09-12T11:40:35Z,!849c4818,99.00,100,94.95,87.45,unknown,50,.50
2025-09-12T11:40:35Z,!9eed0410,100,100,100,100,unknown,50,.50
2025-09-12T11:40:35Z,!a0cc8008,100,100,96.55,89.05,unknown,50,.50
2025-09-12T11:40:35Z,!b03d9844,98.00,100,100,95.90,unknown,50,.50
2025-09-12T11:40:35Z,!ba656304,32.00,17.45,8.45,.95,unknown,50,.50
2025-09-12T11:40:35Z,!fd17c0ed,98.00,100,93.45,85.95,unknown,50,.50
2025-09-12T11:50:22Z,!2c9e092b,45.00,24.29,15.29,7.79,unknown,50,.50
2025-09-12T11:50:22Z,!2df67288,100,100,99.05,91.55,unknown,50,.50
2025-09-12T11:50:22Z,!75e98c18,100,100,91.00,83.50,unknown,50,.50
2025-09-12T11:50:22Z,!849c4818,99.00,100,94.95,87.45,unknown,50,.50
2025-09-12T11:50:22Z,!9eed0410,100,100,100,100,unknown,50,.50
2025-09-12T11:50:22Z,!a0cc8008,100,100,96.55,89.05,unknown,50,.50
2025-09-12T11:50:22Z,!b03d9844,98.00,100,100,100,unknown,50,.50
2025-09-12T11:50:22Z,!ba656304,32.00,17.45,8.45,.95,unknown,50,.50
2025-09-12T11:50:22Z,!fd17c0ed,98.00,100,93.45,85.95,unknown,50,.50
2025-09-12T12:00:15Z,!2c9e092b,45.00,45.70,36.70,30.70,unknown,50,.50
2025-09-12T12:00:15Z,!2df67288,100,100,100,100,unknown,50,.50
2025-09-12T12:00:15Z,!75e98c18,100,100,100,100,unknown,50,.50
2025-09-12T12:00:15Z,!849c4818,99.00,100,100,100,unknown,50,.50
2025-09-12T12:00:15Z,!9eed0410,100,100,100,100,unknown,50,.50
2025-09-12T12:00:15Z,!a0cc8008,100,100,100,100,unknown,50,.50
2025-09-12T12:00:15Z,!ba656304,49.00,77.365,68.365,62.365,unknown,50,.50
2025-09-12T12:00:15Z,!fd17c0ed,98.00,100,100,100,unknown,50,.50
2025-09-12T12:10:11Z,!2c9e092b,44.00,43.70,34.70,28.70,unknown,50,.50
2025-09-12T12:10:11Z,!2df67288,100,100,100,100,unknown,50,.50
2025-09-12T12:10:11Z,!75e98c18,100,100,100,100,unknown,50,.50
2025-09-12T12:10:11Z,!849c4818,99.00,100,100,100,unknown,50,.50
2025-09-12T12:10:11Z,!9eed0410,100,100,100,100,unknown,50,.50
2025-09-12T12:10:11Z,!a0cc8008,100,100,100,100,unknown,50,.50
2025-09-12T12:10:11Z,!ba656304,37.00,53.365,44.365,38.365,unknown,50,.50
2025-09-12T12:10:11Z,!fd17c0ed,98.00,100,100,100,unknown,50,.50
2025-09-12T12:20:18Z,!2c9e092b,60.00,75.70,66.70,60.70,unknown,50,.50
2025-09-12T12:20:18Z,!2df67288,100,100,100,100,unknown,50,.50
2025-09-12T12:20:18Z,!75e98c18,100,100,100,100,unknown,50,.50
2025-09-12T12:20:18Z,!849c4818,99.00,100,100,100,unknown,50,.50
2025-09-12T12:20:18Z,!9eed0410,100,100,100,100,unknown,50,.50
2025-09-12T12:20:18Z,!a0cc8008,100,100,100,100,unknown,50,.50
2025-09-12T12:20:18Z,!ba656304,37.00,53.365,44.365,38.365,unknown,50,.50
2025-09-12T12:20:18Z,!fd17c0ed,99.00,100,100,100,unknown,50,.50
2025-09-12T12:30:22Z,!2c9e092b,66.00,87.70,78.70,72.70,unknown,50,.50
2025-09-12T12:30:22Z,!2df67288,100,100,100,100,unknown,50,.50
2025-09-12T12:30:22Z,!75e98c18,100,100,100,100,unknown,50,.50
2025-09-12T12:30:22Z,!849c4818,99.00,100,100,100,unknown,50,.50
2025-09-12T12:30:22Z,!9eed0410,100,100,100,100,unknown,50,.50
2025-09-12T12:30:22Z,!a0cc8008,100,100,100,100,unknown,50,.50
2025-09-12T12:30:22Z,!ba656304,36.00,51.365,42.365,36.365,unknown,50,.50
2025-09-12T12:30:22Z,!fd17c0ed,99.00,100,100,100,unknown,50,.50
2025-09-12T12:40:30Z,!2c9e092b,59.00,73.70,64.70,58.70,unknown,50,.50
2025-09-12T12:40:30Z,!2df67288,100,100,100,100,unknown,50,.50
2025-09-12T12:40:30Z,!75e98c18,100,100,100,100,unknown,50,.50
2025-09-12T12:40:30Z,!849c4818,99.00,100,100,100,unknown,50,.50
2025-09-12T12:40:30Z,!9eed0410,100,100,100,100,unknown,50,.50
2025-09-12T12:40:30Z,!a0cc8008,100,100,100,100,unknown,50,.50
2025-09-12T12:40:30Z,!ba656304,43.00,65.365,56.365,50.365,unknown,50,.50
2025-09-12T12:40:30Z,!fd17c0ed,98.00,100,100,100,unknown,50,.50
2025-09-12T12:50:18Z,!2c9e092b,68.00,91.70,82.70,76.70,unknown,50,.50
2025-09-12T12:50:18Z,!2df67288,100,100,100,100,unknown,50,.50
2025-09-12T12:50:18Z,!75e98c18,100,100,100,100,unknown,50,.50
2025-09-12T12:50:18Z,!849c4818,99.00,100,100,100,unknown,50,.50
2025-09-12T12:50:18Z,!9eed0410,100,100,100,100,unknown,50,.50
2025-09-12T12:50:18Z,!a0cc8008,100,100,100,100,unknown,50,.50
2025-09-12T12:50:18Z,!b03d9844,97.00,100,100,100,unknown,50,.50
2025-09-12T12:50:18Z,!ba656304,53.00,85.365,76.365,70.365,unknown,50,.50
2025-09-12T12:50:18Z,!fd17c0ed,98.00,100,100,100,unknown,50,.50
2025-09-12T13:00:42Z,!2c9e092b,79.00,100,95.95,91.45,unknown,50,.50
2025-09-12T13:00:42Z,!2df67288,100,100,100,100,unknown,50,.50
2025-09-12T13:00:42Z,!75e98c18,100,100,100,100,unknown,50,.50
2025-09-12T13:00:42Z,!849c4818,99.00,100,100,100,unknown,50,.50
2025-09-12T13:00:42Z,!9eed0410,100,100,100,100,unknown,50,.50
2025-09-12T13:00:42Z,!a0cc8008,100,100,100,100,unknown,50,.50
2025-09-12T13:00:42Z,!b03d9844,97.00,100,100,100,unknown,50,.50
2025-09-12T13:00:42Z,!ba656304,53.00,77.34,68.34,63.84,unknown,50,.50
2025-09-12T13:00:42Z,!fd17c0ed,98.00,100,100,100,unknown,50,.50
2025-09-12T13:10:43Z,!2c9e092b,89.00,100,100,100,unknown,50,.50
2025-09-12T13:10:43Z,!2df67288,100,100,100,100,unknown,50,.50
2025-09-12T13:10:43Z,!75e98c18,100,100,100,100,unknown,50,.50
2025-09-12T13:10:43Z,!849c4818,99.00,100,100,100,unknown,50,.50
2025-09-12T13:10:43Z,!9eed0410,100,100,100,100,unknown,50,.50
2025-09-12T13:10:43Z,!a0cc8008,100,100,100,100,unknown,50,.50
2025-09-12T13:10:43Z,!b03d9844,97.00,100,100,100,unknown,50,.50
2025-09-12T13:10:43Z,!ba656304,44.00,60.19,51.19,46.69,unknown,50,.50
2025-09-12T13:10:43Z,!fd17c0ed,98.00,100,100,100,unknown,50,.50
2025-09-12T15:13:46Z,!2c9e092b,78.00,96.5819,87.5819,86.0819,unknown,50,.50
2025-09-12T15:13:46Z,!2df67288,100,94.05,85.05,83.55,unknown,50,.50
2025-09-12T15:13:46Z,!75e98c18,100,94.00,85.00,83.50,unknown,50,.50
2025-09-12T15:13:46Z,!849c4818,99.00,92.00,83.00,81.50,unknown,50,.50
2025-09-12T15:13:46Z,!9eed0410,100,100,100,100,unknown,50,.50
2025-09-12T15:13:46Z,!a0cc8008,100,94.00,85.00,83.50,unknown,50,.50
2025-09-12T15:13:46Z,!ba656304,61.00,61.7475,52.7475,51.2475,unknown,50,.50
2025-09-12T15:13:46Z,!fd17c0ed,99.00,92.60,83.60,82.10,unknown,50,.50
2025-09-12T15:23:59Z,!2c9e092b,76.00,92.5819,83.5819,82.0819,unknown,50,.50
2025-09-12T15:23:59Z,!2df67288,100,94.05,85.05,83.55,unknown,50,.50
2025-09-12T15:23:59Z,!75e98c18,100,94.00,85.00,83.50,unknown,50,.50
2025-09-12T15:23:59Z,!849c4818,99.00,92.00,83.00,81.50,unknown,50,.50
2025-09-12T15:23:59Z,!9eed0410,100,100,100,100,unknown,50,.50
2025-09-12T15:23:59Z,!a0cc8008,100,94.00,85.00,83.50,unknown,50,.50
2025-09-12T15:23:59Z,!ba656304,61.00,61.9975,52.9975,51.4975,unknown,50,.50
2025-09-12T15:23:59Z,!fd17c0ed,99.00,92.60,83.60,82.10,unknown,50,.50
2025-09-12T15:32:57Z,!2c9e092b,77.00,94.5819,85.5819,84.0819,unknown,50,.50
2025-09-12T15:32:57Z,!2df67288,100,94.05,85.05,83.55,unknown,50,.50
2025-09-12T15:32:57Z,!75e98c18,100,94.00,85.00,83.50,unknown,50,.50
2025-09-12T15:32:57Z,!849c4818,99.00,92.00,83.00,81.50,unknown,50,.50
2025-09-12T15:32:57Z,!9eed0410,100,100,100,100,unknown,50,.50
2025-09-12T15:32:57Z,!a0cc8008,100,94.00,85.00,83.50,unknown,50,.50
2025-09-12T15:32:57Z,!ba656304,61.00,61.9975,52.9975,51.4975,unknown,50,.50
2025-09-12T15:32:57Z,!fd17c0ed,99.00,92.60,83.60,82.10,unknown,50,.50
2025-09-12T15:47:02Z,!2c9e092b,76.00,92.5819,83.5819,82.0819,unknown,50,.50
2025-09-12T15:47:02Z,!75e98c18,100,94.00,85.00,83.50,unknown,50,.50
2025-09-12T15:47:02Z,!849c4818,99.00,92.00,83.00,81.50,unknown,50,.50
2025-09-12T15:47:02Z,!9eed0410,100,100,100,100,unknown,50,.50
2025-09-12T15:47:02Z,!a0cc8008,100,94.00,85.00,83.50,unknown,50,.50
2025-09-12T15:57:41Z,!2c9e092b,75.00,90.5819,81.5819,80.0819,unknown,50,.50
2025-09-12T15:57:41Z,!75e98c18,100,94.00,85.00,83.50,unknown,50,.50
2025-09-12T15:57:41Z,!849c4818,99.00,92.00,83.00,81.50,unknown,50,.50
2025-09-12T15:57:41Z,!9eed0410,100,100,100,100,unknown,50,.50
2025-09-12T15:57:41Z,!a0cc8008,100,94.00,85.00,83.50,unknown,50,.50
2025-09-12T15:57:41Z,!ba656304,52.00,44.8975,35.8975,34.3975,unknown,50,.50
2025-09-12T16:15:08Z,!2c9e092b,74.00,90.334,81.334,81.334,unknown,50,.50
2025-09-12T16:15:08Z,!75e98c18,100,92.50,83.50,83.50,unknown,50,.50
2025-09-12T16:15:08Z,!849c4818,99.00,90.50,81.50,81.50,unknown,50,.50
2025-09-12T16:15:08Z,!9eed0410,100,100,100,100,unknown,50,.50
2025-09-12T16:15:08Z,!a0cc8008,100,92.50,83.50,83.50,unknown,50,.50
2025-09-12T16:15:08Z,!ba656304,52.00,50.134,41.134,41.134,unknown,50,.50
2025-09-12T16:27:20Z,!2c9e092b,74.00,90.334,81.334,81.334,unknown,50,.50
2025-09-12T16:27:20Z,!75e98c18,100,92.50,83.50,83.50,unknown,50,.50
2025-09-12T16:27:20Z,!849c4818,99.00,90.50,81.50,81.50,unknown,50,.50
2025-09-12T16:27:20Z,!9eed0410,100,100,100,100,unknown,50,.50
2025-09-12T16:27:20Z,!a0cc8008,100,92.50,83.50,83.50,unknown,50,.50
2025-09-12T16:27:20Z,!ba656304,52.00,55.604,46.604,46.604,unknown,50,.50
2025-09-12T16:46:13Z,!2c9e092b,74.00,90.334,81.334,81.334,unknown,50,.50
2025-09-12T16:46:13Z,!75e98c18,100,92.50,83.50,83.50,unknown,50,.50
2025-09-12T16:46:13Z,!849c4818,99.00,90.50,81.50,81.50,unknown,50,.50
2025-09-12T16:46:13Z,!9eed0410,100,100,100,100,unknown,50,.50
2025-09-12T16:46:13Z,!a0cc8008,100,92.50,83.50,83.50,unknown,50,.50
